<?xml version="1.0"?>
<doc>
    <assembly>
        <name>Redefinable.StreamArchive</name>
    </assembly>
    <members>
        <member name="T:Redefinable.StreamArchive.ArchiveReader">
            <summary>
            StreamArchiveの内容の閲覧、ストリームの取得などを行います。
            </summary>
        </member>
        <member name="P:Redefinable.StreamArchive.ArchiveReader.ArchivePath">
            <summary>
            アーカイブファイルのパスを取得します。
            </summary>
        </member>
        <member name="P:Redefinable.StreamArchive.ArchiveReader.Items">
            <summary>
            アイテム一覧を取得します。
            </summary>
        </member>
        <member name="P:Redefinable.StreamArchive.ArchiveReader.Headers">
            <summary>
            既定ヘッダを含むヘッダ一覧を取得します。
            </summary>
        </member>
        <member name="P:Redefinable.StreamArchive.ArchiveReader.Title">
            <summary>
            アーカイブファイルのタイトルを取得します。
            </summary>
        </member>
        <member name="P:Redefinable.StreamArchive.ArchiveReader.Author">
            <summary>
            アーカイブの作成者を取得します。
            </summary>
        </member>
        <member name="P:Redefinable.StreamArchive.ArchiveReader.SoftwareId">
            <summary>
            アーカイブのSoftwareIdを取得します。
            </summary>
        </member>
        <member name="P:Redefinable.StreamArchive.ArchiveReader.EngineId">
            <summary>
            アーカイブ作成時に使用されたエンジンのＩＤを取得します。
            </summary>
        </member>
        <member name="P:Redefinable.StreamArchive.ArchiveReader.CreatedDateTime">
            <summary>
            アーカイブのＵＴＣの作成日時をローカル時刻で取得します。
            </summary>
        </member>
        <member name="P:Redefinable.StreamArchive.ArchiveReader.Closed">
            <summary>
            このリーダーがすでにクローズされているかどうかを示す値を取得します。
            </summary>
        </member>
        <member name="P:Redefinable.StreamArchive.ArchiveReader.Redefinable#StreamArchive#IArchive#Items">
            <summary>
            
            </summary>
        </member>
        <member name="M:Redefinable.StreamArchive.ArchiveReader.#ctor">
            <summary>
            利用できません。
            </summary>
        </member>
        <member name="M:Redefinable.StreamArchive.ArchiveReader.#ctor(System.String)">
            <summary>
            新しいArchiveReader型オブジェクトインスタンスを初期化します。
            </summary>
            <param name="archivePath"></param>
        </member>
        <member name="M:Redefinable.StreamArchive.ArchiveReader._loadArchive">
            <summary>
            基本情報の読み込みとアイテムの取得を実行します。
            </summary>
        </member>
        <member name="M:Redefinable.StreamArchive.ArchiveReader._openArchiveFile">
            <summary>
            アーカイブファイルをオープンし、使用できる状態にします。
            </summary>
        </member>
        <member name="M:Redefinable.StreamArchive.ArchiveReader._checkArchive">
            <summary>
            アーカイブの基礎ヘッダを確認し、対応していない形式である場合は例外をスローします。
            </summary>
            <exception cref="T:Redefinable.StreamArchive.StreamArchiveUnSupportedException">対応していない形式であった場合にスローされます。</exception>
        </member>
        <member name="M:Redefinable.StreamArchive.ArchiveReader._loadBasicInformations">
            <summary>
            アーカイブそのものの基本情報を読み込みます。
            </summary>
        </member>
        <member name="M:Redefinable.StreamArchive.ArchiveReader._loadItems">
            <summary>
            アーカイブ内のアイテム情報を読み込みます。
            </summary>
        </member>
        <member name="M:Redefinable.StreamArchive.ArchiveReader._getCreatedDateTimeAsDateTime">
            <summary>
            作成日時コードをローカルタイムのDateTimeとして取得します。
            </summary>
            <returns></returns>
        </member>
        <member name="M:Redefinable.StreamArchive.ArchiveReader.GetStreamCopierForAllExtract(System.String,System.Boolean)">
            <summary>
            すべてのアイテムを展開するためのStreamCopierを取得します。
            </summary>
            <param name="dir">展開先のディレクトリ</param>
            <param name="overWrite">展開先に同名のファイルが存在する場合に、上書きするかどうか</param>
            <returns></returns>
        </member>
        <member name="M:Redefinable.StreamArchive.ArchiveReader.Close">
            <summary>
            ストリームを閉じます。
            </summary>
        </member>
        <member name="M:Redefinable.StreamArchive.ArchiveReader.Dispose">
            <summary>
            このインスタンスで利用しているリソースを明示的に破棄します。
            </summary>
        </member>
        <member name="T:Redefinable.StreamArchive.ArchiveItemList">
            <summary>
            アーカイブのアイテム情報のリスト
            </summary>
        </member>
        <member name="M:Redefinable.StreamArchive.ArchiveItemList.GetItem(System.String)">
            <summary>
            アイテム名からアイテムを取得します。
            </summary>
            <param name="itemFileName"></param>
            <returns></returns>
        </member>
        <member name="M:Redefinable.StreamArchive.ArchiveItemList.Contains(System.String)">
            <summary>
            指定されたアイテム名のアイテムが含まれているか判断します。
            </summary>
            <param name="name"></param>
            <returns></returns>
        </member>
        <member name="T:Redefinable.StreamArchive.ArchiveItem">
            <summary>
            アーカイブのアイテム情報を格納します。
            </summary>
        </member>
        <member name="P:Redefinable.StreamArchive.ArchiveItem.ItemNumber">
            <summary>
            アーカイブ内でのアイテム番号を取得します。
            </summary>
        </member>
        <member name="P:Redefinable.StreamArchive.ArchiveItem.ContentPath">
            <summary>
            ContentPathを取得します。
            </summary>
        </member>
        <member name="P:Redefinable.StreamArchive.ArchiveItem.FilePath">
            <summary>
            アーカイブのパスを取得します。
            </summary>
        </member>
        <member name="P:Redefinable.StreamArchive.ArchiveItem.ItemFileName">
            <summary>
            アイテムのファイル名を取得します。
            </summary>
        </member>
        <member name="P:Redefinable.StreamArchive.ArchiveItem.ContentFullPath">
            <summary>
            アイテムのフルパスを取得します。
            </summary>
        </member>
        <member name="P:Redefinable.StreamArchive.ArchiveItem.Length">
            <summary>
            アイテムの長さを取得します。
            </summary>
        </member>
        <member name="P:Redefinable.StreamArchive.ArchiveItem.FileType">
            <summary>
            アイテムのファイルタイプを取得します。
            </summary>
        </member>
        <member name="P:Redefinable.StreamArchive.ArchiveItem.Attributes">
            <summary>
            アイテムのファイル属性を取得します。
            </summary>
        </member>
        <member name="P:Redefinable.StreamArchive.ArchiveItem.Redefinable#StreamArchive#IArchiveItemWithParentStream#ParentStream">
            <summary>
            所属しているアーカイブのストリームを取得します。
            </summary>
        </member>
        <member name="M:Redefinable.StreamArchive.ArchiveItem.#ctor(System.IO.Stream,System.UInt32,System.UInt64,System.UInt64,Redefinable.StreamArchive.ContentPath,Redefinable.StreamArchive.FileTypes,Redefinable.StreamArchive.ItemFileAttributes)">
            <summary>
            新しいArchiveItem型オブジェクトインスタンスを初期化します。
            </summary>
            <param name="parentStream"></param>
            <param name="itemNumber"></param>
            <param name="startOffset"></param>
            <param name="length"></param>
            <param name="contentPath"></param>
            <param name="fileType"></param>
            <param name="attributes"></param>
        </member>
        <member name="M:Redefinable.StreamArchive.ArchiveItem.GetStream">
            <summary>
            アイテムを読み取るためのストリームを取得します。
            </summary>
            <returns></returns>
        </member>
        <member name="T:Redefinable.StreamArchive.ArchiveMakerSaveResult">
            <summary>
            アーカイブメーカーのSaveメソッドの結果を表します。
            </summary>
        </member>
        <member name="F:Redefinable.StreamArchive.ArchiveMakerSaveResult.Unknown">
            <summary>
            不明
            </summary>
        </member>
        <member name="F:Redefinable.StreamArchive.ArchiveMakerSaveResult.Done">
            <summary>
            正常に終了
            </summary>
        </member>
        <member name="T:Redefinable.StreamArchive.ArchiveMaker">
            <summary>
            StreamArchiveを作成するためのクラスです。
            </summary>
        </member>
        <member name="P:Redefinable.StreamArchive.ArchiveMaker.ItemList">
            <summary>
            アーカイブに格納されるアイテムのリストを取得します。
            </summary>
        </member>
        <member name="P:Redefinable.StreamArchive.ArchiveMaker.AdditionalHeaders">
            <summary>
            アーカイブの追加ヘッダのリストを取得します。(予約ヘッダ値は含まれません。)
            </summary>
        </member>
        <member name="P:Redefinable.StreamArchive.ArchiveMaker.Title">
            <summary>
            アーカイブのタイトルを取得・設定します。
            </summary>
        </member>
        <member name="P:Redefinable.StreamArchive.ArchiveMaker.Author">
            <summary>
            アーカイブの作成者を取得・設定します。
            </summary>
        </member>
        <member name="P:Redefinable.StreamArchive.ArchiveMaker.CreatedUtcDateTime">
            <summary>
            アーカイブの作成日時の世界標準時時刻を設定・取得します。初期化時の時刻がデフォルトの値です。
            </summary>
        </member>
        <member name="P:Redefinable.StreamArchive.ArchiveMaker.CreatedDateTime">
            <summary>
            アーカイブの作成日時を現在のローカル時刻で取得・設定します。
            </summary>
        </member>
        <member name="P:Redefinable.StreamArchive.ArchiveMaker.BufferSize">
            <summary>
            アーカイブ生成時に使用するバイトデータ書き込み時のバッファサイズを設定・取得します。
            </summary>
        </member>
        <member name="M:Redefinable.StreamArchive.ArchiveMaker.#ctor">
            <summary>
            新しいArchiveMaker型オブジェクトインスタンスを初期化します。
            </summary>
        </member>
        <member name="M:Redefinable.StreamArchive.ArchiveMaker.#ctor(System.String)">
            <summary>
            新しいArchiveMaker型オブジェクトインスタンスを初期化します。
            </summary>
            <param name="savePath">アーカイブの保存先</param>
        </member>
        <member name="M:Redefinable.StreamArchive.ArchiveMaker._setCreatedUtcDateTimeFromLocalDateTime(System.DateTime)">
            <summary>
            日本標準時のDateTimeを使用して、createdUtcDateTimeの設定を行います。
            </summary>
            <param name="local"></param>
        </member>
        <member name="M:Redefinable.StreamArchive.ArchiveMaker._getCreatedUtcDateTimeAsLocalDateTime">
            <summary>
            createdUtcDateTimeの値を日本標準時で取得します。
            </summary>
            <returns></returns>
        </member>
        <member name="M:Redefinable.StreamArchive.ArchiveMaker._getCreatedUtcDateTimeAsString">
            <summary>
            アーカイブ格納用の文字列形式へ変換します。
            </summary>
            <returns></returns>
        </member>
        <member name="M:Redefinable.StreamArchive.ArchiveMaker._createRawHeader">
            <summary>
            既定の自動ヘッダ、ユーザー定義の追加ヘッダを含む配列を生成します。
            </summary>
            <returns></returns>
        </member>
        <member name="M:Redefinable.StreamArchive.ArchiveMaker._createMetaData(System.UInt32,System.UInt64,System.UInt64,System.UInt32,System.UInt16,System.String)">
            <summary>
            ストリーム一覧領域用のアイテムメタデータを生成します。ファイル名以外は固定長の値です。
            </summary>
            <param name="fileNumber">ファイル番号</param>
            <param name="startOffset">開始オフセット</param>
            <param name="length">ストリーム長</param>
            <param name="fileType">ファイルタイプ番号</param>
            <param name="attributes">ファイル属性値</param>
            <param name="name">ファイル名(アイテム名)</param>
            <returns></returns>
        </member>
        <member name="M:Redefinable.StreamArchive.ArchiveMaker.Save">
            <summary>
            アーカイブを作成します。
            </summary>
            <returns></returns>
        </member>
        <member name="T:Redefinable.StreamArchive.IContentPath">
            <summary>
            ファイル名または任意のアーカイブに含まれるアイテムのファイル名に関する情報を保持することを保証します。
            </summary>
        </member>
        <member name="P:Redefinable.StreamArchive.IContentPath.FilePath">
            <summary>
            ファイルのパスまたはアーカイブのパス
            </summary>
        </member>
        <member name="P:Redefinable.StreamArchive.IContentPath.ItemFileName">
            <summary>
            アーカイブ内に含まれるアイテムのファイル名
            </summary>
        </member>
        <member name="P:Redefinable.StreamArchive.IContentPath.ContentFullPath">
            <summary>
            [アーカイブパス]#[アイテム名]形式のパス
            </summary>
        </member>
        <member name="T:Redefinable.StreamArchive.IArchive">
            <summary>
            StreamArchiveの基本情報の保持とアイテム取得プロパティの実装を保証します。
            </summary>
        </member>
        <member name="P:Redefinable.StreamArchive.IArchive.Title">
            <summary>
            アーカイブのタイトル
            </summary>
        </member>
        <member name="P:Redefinable.StreamArchive.IArchive.Author">
            <summary>
            アーカイブの作成者
            </summary>
        </member>
        <member name="P:Redefinable.StreamArchive.IArchive.CreatedDateTime">
            <summary>
            アーカイブ作成時のUTC時刻
            </summary>
        </member>
        <member name="P:Redefinable.StreamArchive.IArchive.SoftwareId">
            <summary>
            ソフトウェアＩＤ
            </summary>
        </member>
        <member name="P:Redefinable.StreamArchive.IArchive.EngineId">
            <summary>
            アーカイブ作成エンジンのＩＤ
            </summary>
        </member>
        <member name="P:Redefinable.StreamArchive.IArchive.ArchivePath">
            <summary>
            アーカイブのパス
            </summary>
        </member>
        <member name="P:Redefinable.StreamArchive.IArchive.Items">
            <summary>
            アーカイブに格納されているアイテム
            </summary>
        </member>
        <member name="T:Redefinable.StreamArchive.IArchiveItem">
            <summary>
            アーカイブ内に格納されているアイテムに関する情報を保持していることを保証します。
            </summary>
        </member>
        <member name="P:Redefinable.StreamArchive.IArchiveItem.ItemNumber">
            <summary>
            アーカイブ内でのアイテム番号
            </summary>
        </member>
        <member name="P:Redefinable.StreamArchive.IArchiveItem.ItemFileName">
            <summary>
            アイテムのファイル名
            </summary>
        </member>
        <member name="P:Redefinable.StreamArchive.IArchiveItem.FileType">
            <summary>
            アイテムのファイルタイプ
            </summary>
        </member>
        <member name="P:Redefinable.StreamArchive.IArchiveItem.Attributes">
            <summary>
            アイテムのファイル属性
            </summary>
        </member>
        <member name="P:Redefinable.StreamArchive.IArchiveItem.StartOffset">
            <summary>
            アーカイブ内での開始オフセット
            </summary>
        </member>
        <member name="P:Redefinable.StreamArchive.IArchiveItem.Length">
            <summary>
            ストリーム長
            </summary>
        </member>
        <member name="M:Redefinable.StreamArchive.IArchiveItem.GetStream">
            <summary>
            アイテム読み取り用の部分ストリームを取得するメソッド
            </summary>
        </member>
        <member name="P:Redefinable.StreamArchive.IArchiveItemWithParentStream.ParentStream">
            <summary>
            所属しているアーカイブのストリーム
            </summary>
        </member>
        <member name="T:Redefinable.StreamArchive.IStoringItemInformation">
            <summary>
            これからアーカイブに格納するファイルに関する情報を保持することを保証します。
            </summary>
        </member>
        <member name="P:Redefinable.StreamArchive.IStoringItemInformation.ItemFileName">
            <summary>
            アーカイブ内でのファイル名
            </summary>
        </member>
        <member name="M:Redefinable.StreamArchive.IStoringItemInformation.GetStream">
            <summary>
            格納対象のストリームを取得するメソッド
            </summary>
            <returns></returns>
        </member>
        <member name="P:Redefinable.StreamArchive.IStoringItemInformation.FileType">
            <summary>
            アイテムのファイルタイプ
            </summary>
        </member>
        <member name="P:Redefinable.StreamArchive.IStoringItemInformation.Attributes">
            <summary>
            アイテムのファイル属性
            </summary>
        </member>
        <member name="T:Redefinable.StreamArchive.ContentPath">
            <summary>
            ファイル名または任意のアーカイブに含まれるアイテムのファイル名を表します。
            </summary>
        </member>
        <member name="P:Redefinable.StreamArchive.ContentPath.FilePath">
            <summary>
            ファイルのパスまたはアーカイブのパスを取得・設定します。
            </summary>
        </member>
        <member name="P:Redefinable.StreamArchive.ContentPath.ItemFileName">
            <summary>
            アーカイブ内に含まれるアイテムのファイル名を取得・設定します。
            </summary>
        </member>
        <member name="P:Redefinable.StreamArchive.ContentPath.ContentFullPath">
            <summary>
            [アーカイブパス]#[アイテム名]形式のパスを取得・設定します。
            </summary>
        </member>
        <member name="P:Redefinable.StreamArchive.ContentPath.IsItemPath">
            <summary>
            現在この構造体に格納されている情報が、アーカイブ内のアイテムのパスであるかどうかを取得します。
            </summary>
        </member>
        <member name="M:Redefinable.StreamArchive.ContentPath.#ctor(System.String,System.String)">
            <summary>
            新しいContentPathを初期化します。
            </summary>
            <param name="filePath">ファイルのパス、またはアーカイブのパス</param>
            <param name="itemFileName">アーカイブ内でのアイテムのファイル名</param>
        </member>
        <member name="M:Redefinable.StreamArchive.ContentPath.#ctor(System.String)">
            <summary>
            新しいContentPathを初期化します。
            </summary>
            <param name="contentFullPath">[アーカイブパス]#[アイテム名]形式のパス</param>
        </member>
        <member name="M:Redefinable.StreamArchive.ContentPath._checkAndSetFilePath(System.String)">
            <summary>
            FilePathに設定されようとしている値が # 記号を含むContentFullPath形式の無効な値でないか確認します。
            </summary>
            <param name="path"></param>
        </member>
        <member name="M:Redefinable.StreamArchive.ContentPath._setContentFullPath(System.String)">
            <summary>
            [アーカイブパス]#[アイテム名]形式のパスから、ContentFullPathを設定します。
            </summary>
            <param name="path"></param>
        </member>
        <member name="M:Redefinable.StreamArchive.ContentPath._getContentFullPath">
            <summary>
            ContentFullPathから、[アーカイブパス]#[アイテム名]形式のパスを取得します。
            </summary>
            <returns></returns>
        </member>
        <member name="M:Redefinable.StreamArchive.ContentPath._getBooleanValueOf_isItemPath">
            <summary>
            現在この構造体に格納されている情報が、アイテムのパスであるかどうかを取得します。
            </summary>
            <returns></returns>
        </member>
        <member name="T:Redefinable.StreamArchive.ItemInformation">
            <summary>
            StreamArchiveに格納されたアイテム、またはこれから格納するアイテムの情報を表します。(アーカイブ内に存在するファイル用)
            </summary>
        </member>
        <member name="P:Redefinable.StreamArchive.ItemInformation.StartOffset">
            <summary>
            アーカイブ内での開始バイトオフセットを取得します。(Internal)
            </summary>
        </member>
        <member name="P:Redefinable.StreamArchive.ItemInformation.Length">
            <summary>
            アーカイブ内でのバイト長を取得します。(Internal)
            </summary>
        </member>
        <member name="P:Redefinable.StreamArchive.ItemInformation.ContentPath">
            <summary>
            コンテントのパスを取得します。
            </summary>
        </member>
        <member name="P:Redefinable.StreamArchive.ItemInformation.FilePath">
            <summary>
            ファイルのパスまたはアーカイブのパスを取得します。(ContentPath.FilePathと同じ)
            </summary>
        </member>
        <member name="P:Redefinable.StreamArchive.ItemInformation.ItemFileName">
            <summary>
            アーカイブ内でのアイテムのファイル名を取得します。(ContentPath.ItemFileNameと同じ)
            </summary>
        </member>
        <member name="P:Redefinable.StreamArchive.ItemInformation.ContentFullPath">
            <summary>
            [アーカイブパス]#[アイテム名]形式のパスを取得・設定します。(ContentPath.ContentFullPathと同じ)
            </summary>
        </member>
        <member name="P:Redefinable.StreamArchive.ItemInformation.FileType">
            <summary>
            ファイルタイプを表します。
            </summary>
        </member>
        <member name="P:Redefinable.StreamArchive.ItemInformation.Attributes">
            <summary>
            ファイルの属性を表します。
            </summary>
        </member>
        <member name="M:Redefinable.StreamArchive.ItemInformation.#ctor">
            <summary>
            利用できません。
            </summary>
        </member>
        <member name="M:Redefinable.StreamArchive.ItemInformation.#ctor(Redefinable.StreamArchive.ContentPath)">
            <summary>
            新しいItemInformation型オブジェクトインスタンスを初期化します。
            </summary>
            <param name="contentPath"></param>
        </member>
        <member name="M:Redefinable.StreamArchive.ItemInformation.#ctor(System.String)">
            <summary>
            新しいItemInformation型オブジェクトインスタンスを初期化します。
            </summary>
            <param name="contentFullPath">[アーカイブパス]#[アイテム名]形式のパス</param>
        </member>
        <member name="M:Redefinable.StreamArchive.ItemInformation.#ctor(System.String,System.String)">
            <summary>
            新しいItemInformation型オブジェクトインスタンスを初期化します。
            </summary>
            <param name="filePath">ファイルのパスまたはアーカイブのパス</param>
            <param name="itemFileName"> アーカイブ内に含まれるアイテムのファイル名</param>
        </member>
        <member name="M:Redefinable.StreamArchive.ItemInformation.GetStream">
            <summary>
            FileStreamまたはSubStreamを取得します。
            </summary>
            <returns></returns>
        </member>
        <member name="T:Redefinable.StreamArchive.StoringFileInformation">
            <summary>
            これからStreamArchiveに格納する既存のファイルの情報を格納します。
            </summary>
        </member>
        <member name="P:Redefinable.StreamArchive.StoringFileInformation.FilePath">
            <summary>
            ファイルのパスを取得します。
            </summary>
        </member>
        <member name="P:Redefinable.StreamArchive.StoringFileInformation.FileType">
            <summary>
            アーカイブ内でのファイルタイプを取得・設定します。
            </summary>
        </member>
        <member name="P:Redefinable.StreamArchive.StoringFileInformation.Attributes">
            <summary>
            アーカイブ内でのファイルの属性を取得・設定します。
            </summary>
        </member>
        <member name="P:Redefinable.StreamArchive.StoringFileInformation.AliasName">
            <summary>
            アーカイブ格納時のエイリアス名を取得・設定します。
            </summary>
        </member>
        <member name="P:Redefinable.StreamArchive.StoringFileInformation.Redefinable#StreamArchive#IStoringItemInformation#ItemFileName">
            <summary>
            IStoringItemInformation用に明示的に実装しています。使用できません。
            </summary>
        </member>
        <member name="M:Redefinable.StreamArchive.StoringFileInformation.#ctor">
            <summary>
            すべてのメンバを初期化します。このコンストラクタは利用できません。
            </summary>
        </member>
        <member name="M:Redefinable.StreamArchive.StoringFileInformation.#ctor(System.String)">
            <summary>
            新しいStoringFileInformation型オブジェクトインスタンスを初期化します。
            </summary>
        </member>
        <member name="M:Redefinable.StreamArchive.StoringFileInformation._initializeFromFilePath(System.String)">
            <summary>
            有効なファイルのパスから各フィールドを初期化します。
            </summary>
            <param name="filePath"></param>
        </member>
        <member name="M:Redefinable.StreamArchive.StoringFileInformation.Redefinable#StreamArchive#IStoringItemInformation#GetStream">
            <summary>
            IStoringItemInformation用に明示的に実装しています。使用できません。
            </summary>
            <returns></returns>
        </member>
        <member name="T:Redefinable.StreamArchive.DebugService">
            <summary>
            デバッグサービスを提供します。
            </summary>
        </member>
        <member name="P:Redefinable.StreamArchive.DebugService.ConsoleHelper">
            <summary>
            ConsoleHelperを取得・設定します。設定時にFunctionNameが既定値に変更されます。
            </summary>
        </member>
        <member name="M:Redefinable.StreamArchive.DebugService.#cctor">
            <summary>
            DebugServiceを初期化します。
            </summary>
        </member>
        <member name="M:Redefinable.StreamArchive.DebugService.Output(System.String)">
            <summary>
            デバッグメッセージを標準のDebugConsoleHelperへ転送します。
            </summary>
            <param name="message"></param>
        </member>
        <member name="T:Redefinable.StreamArchive.ItemFileAttributes">
            <summary>
            付加された属性を表します。
            </summary>
        </member>
        <member name="F:Redefinable.StreamArchive.ItemFileAttributes.NoAttribute">
            <summary>
            属性未設定 (属性なし)
            </summary>
        </member>
        <member name="F:Redefinable.StreamArchive.ItemFileAttributes.ReadOnly">
            <summary>
            読み取り専用
            </summary>
        </member>
        <member name="F:Redefinable.StreamArchive.ItemFileAttributes.Hide">
            <summary>
            隠しファイル
            </summary>
        </member>
        <member name="F:Redefinable.StreamArchive.ItemFileAttributes.System">
            <summary>
            システム属性
            </summary>
        </member>
        <member name="F:Redefinable.StreamArchive.ItemFileAttributes.CannotExtract">
            <summary>
            展開拒否
            </summary>
        </member>
        <member name="F:Redefinable.StreamArchive.ItemFileAttributes.RunElevate">
            <summary>
            実行時に管理者権限必須
            </summary>
        </member>
        <member name="F:Redefinable.StreamArchive.ItemFileAttributes.ReservedFlag1">
            <summary>
            予約済み属性値１ (使用禁止)
            </summary>
        </member>
        <member name="F:Redefinable.StreamArchive.ItemFileAttributes.ReservedFlag2">
            <summary>
            予約済み属性値２ (使用禁止)
            </summary>
        </member>
        <member name="F:Redefinable.StreamArchive.ItemFileAttributes.ReservedFlag3">
            <summary>
            予約済み属性値３ (使用禁止)
            </summary>
        </member>
        <member name="F:Redefinable.StreamArchive.ItemFileAttributes.ExtensionFlag1">
            <summary>
            拡張属性値１
            </summary>
        </member>
        <member name="F:Redefinable.StreamArchive.ItemFileAttributes.ExtensionFlag2">
            <summary>
            拡張属性値２
            </summary>
        </member>
        <member name="F:Redefinable.StreamArchive.ItemFileAttributes.ExtensionFlag3">
            <summary>
            拡張属性値３
            </summary>
        </member>
        <member name="F:Redefinable.StreamArchive.ItemFileAttributes.ExtensionFlag4">
            <summary>
            拡張属性値４
            </summary>
        </member>
        <member name="F:Redefinable.StreamArchive.ItemFileAttributes.ExtensionFlag5">
            <summary>
            拡張属性値５
            </summary>
        </member>
        <member name="F:Redefinable.StreamArchive.ItemFileAttributes.ExtensionFlag6">
            <summary>
            拡張属性値６
            </summary>
        </member>
        <member name="T:Redefinable.StreamArchive.ItemFileAttributesUtility">
            <summary>
            ファイル属性に対するユーティリティ機能を提供します。
            </summary>
        </member>
        <member name="M:Redefinable.StreamArchive.ItemFileAttributesUtility.FromSystemAttribute(System.IO.FileAttributes)">
            <summary>
            システムのファイル属性値から属性値を生成します。
            </summary>
            <param name="attrib">システムのファイル属性値</param>
            <returns>StreamArchive用のファイル属性値</returns>
        </member>
        <member name="M:Redefinable.StreamArchive.ItemFileAttributesUtility.ToSystemAttribute(Redefinable.StreamArchive.ItemFileAttributes)">
            <summary>
            属性値をシステムのファイル属性値へ変換します。
            </summary>
            <param name="source">StreamArchive用のファイル属性値</param>
            <returns>システムのファイル属性値</returns>
        </member>
        <member name="T:Redefinable.StreamArchive.FileTypes">
            <summary>
            ファイルタイプを表します。
            </summary>
        </member>
        <member name="F:Redefinable.StreamArchive.FileTypes.Unknown">
            <summary>
            ファイルタイプ未定義
            </summary>
        </member>
        <member name="F:Redefinable.StreamArchive.FileTypes.Text">
            <summary>
            プレーンテキスト
            </summary>
        </member>
        <member name="F:Redefinable.StreamArchive.FileTypes.Html">
            <summary>
            HTML Document
            </summary>
        </member>
        <member name="F:Redefinable.StreamArchive.FileTypes.Xml">
            <summary>
            XML
            </summary>
        </member>
        <member name="F:Redefinable.StreamArchive.FileTypes.CSharpSource">
            <summary>
            C# Source
            </summary>
        </member>
        <member name="F:Redefinable.StreamArchive.FileTypes.VisualBasicSource">
            <summary>
            Visual Basic Source
            </summary>
        </member>
        <member name="F:Redefinable.StreamArchive.FileTypes.JavaScript">
            <summary>
            JavaScript
            </summary>
        </member>
        <member name="F:Redefinable.StreamArchive.FileTypes.VisualBasicScript">
            <summary>
            VisualBasic Script
            </summary>
        </member>
        <member name="F:Redefinable.StreamArchive.FileTypes.Csv">
            <summary>
            カンマ区切り
            </summary>
        </member>
        <member name="F:Redefinable.StreamArchive.FileTypes.Tsv">
            <summary>
            タブ区切り
            </summary>
        </member>
        <member name="F:Redefinable.StreamArchive.FileTypes.SupportedImage">
            <summary>
            .NET Framework 2.0で扱える画像データ
            </summary>
        </member>
        <member name="F:Redefinable.StreamArchive.FileTypes.Bitmap">
            <summary>
            ビットマップイメージ
            </summary>
        </member>
        <member name="F:Redefinable.StreamArchive.FileTypes.Png">
            <summary>
            Portable Network Graphics
            </summary>
        </member>
        <member name="F:Redefinable.StreamArchive.FileTypes.Jpeg">
            <summary>
            JPEG
            </summary>
        </member>
        <member name="F:Redefinable.StreamArchive.FileTypes.Gif">
            <summary>
            GIF / Animation GIF
            </summary>
        </member>
        <member name="F:Redefinable.StreamArchive.FileTypes.SupportedSound">
            <summary>
            .NET Framework 2.0で扱える音声データ
            </summary>
        </member>
        <member name="F:Redefinable.StreamArchive.FileTypes.Wave">
            <summary>
            Wave Sound
            </summary>
        </member>
        <member name="F:Redefinable.StreamArchive.FileTypes.WMAudio">
            <summary>
            Windows Media Audio
            </summary>
        </member>
        <member name="F:Redefinable.StreamArchive.FileTypes.MP3">
            <summary>
            MP3(MPEG Layer-3)
            </summary>
        </member>
        <member name="F:Redefinable.StreamArchive.FileTypes.MPEG1AudioLayer3">
            <summary>
            MP3(MPEG Layer-3)
            </summary>
        </member>
        <member name="F:Redefinable.StreamArchive.FileTypes.Flac">
            <summary>
            FLAC
            </summary>
        </member>
        <member name="F:Redefinable.StreamArchive.FileTypes.Ogg">
            <summary>
            OGG
            </summary>
        </member>
        <member name="F:Redefinable.StreamArchive.FileTypes.DolbyDigitalAudio">
            <summary>
            DolbyDigital Audio(AC3)
            </summary>
        </member>
        <member name="F:Redefinable.StreamArchive.FileTypes.MPEG4Audio">
            <summary>
            MPEG4 Audio (= AAC)
            </summary>
        </member>
        <member name="F:Redefinable.StreamArchive.FileTypes.AdvancedAuidoCoding">
            <summary>
            AAC (= MPEG4Audio)
            </summary>
        </member>
        <member name="F:Redefinable.StreamArchive.FileTypes.SupportedVideo">
            <summary>
            .NET Framework 2.0で扱える音声データ
            </summary>
        </member>
        <member name="F:Redefinable.StreamArchive.FileTypes.AVI">
            <summary>
            AVI
            </summary>
        </member>
        <member name="F:Redefinable.StreamArchive.FileTypes.WMVideo">
            <summary>
            Windows Media Video
            </summary>
        </member>
        <member name="F:Redefinable.StreamArchive.FileTypes.MPEG">
            <summary>
            MPEG
            </summary>
        </member>
        <member name="F:Redefinable.StreamArchive.FileTypes.MPEG2">
            <summary>
            MPEG2
            </summary>
        </member>
        <member name="F:Redefinable.StreamArchive.FileTypes.VOB">
            <summary>
            VOB (DVD-Video)
            </summary>
        </member>
        <member name="F:Redefinable.StreamArchive.FileTypes.MPEG4">
            <summary>
            MPEG4
            </summary>
        </member>
        <member name="F:Redefinable.StreamArchive.FileTypes.RichTextFormat">
            <summary>
            RichTextFormat
            </summary>
        </member>
        <member name="F:Redefinable.StreamArchive.FileTypes.RTF">
            <summary>
            RichTextFormat
            </summary>
        </member>
        <member name="F:Redefinable.StreamArchive.FileTypes.MicrosoftWord">
            <summary>
            Microsoft Word Document
            </summary>
        </member>
        <member name="F:Redefinable.StreamArchive.FileTypes.DOC">
            <summary>
            Microsoft Word Document
            </summary>
        </member>
        <member name="F:Redefinable.StreamArchive.FileTypes.MicrosoftWord2007">
            <summary>
            Microsoft Word Document 2007以降
            </summary>
        </member>
        <member name="F:Redefinable.StreamArchive.FileTypes.DOCX">
            <summary>
            Microsoft Word Document2007以降
            </summary>
        </member>
        <member name="F:Redefinable.StreamArchive.FileTypes.MicrosoftExcel">
            <summary>
            Microsoft Excel Worksheet
            </summary>
        </member>
        <member name="F:Redefinable.StreamArchive.FileTypes.XLS">
            <summary>
            Microsoft Excel Worksheet
            </summary>
        </member>
        <member name="F:Redefinable.StreamArchive.FileTypes.MicrosoftExcel2007">
            <summary>
            Microsoft Excel Worksheet 2007以降
            </summary>
        </member>
        <member name="F:Redefinable.StreamArchive.FileTypes.XLSX">
            <summary>
            Microsoft Excel Worksheet 2007以降
            </summary>
        </member>
        <member name="F:Redefinable.StreamArchive.FileTypes.MicrosoftPowerPoint">
            <summary>
            Microsoft Power Point Slide
            </summary>
        </member>
        <member name="F:Redefinable.StreamArchive.FileTypes.PPT">
            <summary>
            Microsoft Power Point Slide
            </summary>
        </member>
        <member name="F:Redefinable.StreamArchive.FileTypes.MicrosoftPowerPoint2007">
            <summary>
            Microsoft Power Point Slide 2007以降
            </summary>
        </member>
        <member name="F:Redefinable.StreamArchive.FileTypes.PPTX">
            <summary>
            Microsoft Power Point Slide 2007以降
            </summary>
        </member>
        <member name="T:Redefinable.StreamArchive.FileTypesUtility">
            <summary>
            ファイルタイプに対するユーティリティ機能を提供します。
            </summary>
        </member>
        <member name="M:Redefinable.StreamArchive.FileTypesUtility.GetFileTypeWithExtension(System.String)">
            <summary>
            拡張子からファイルタイプを取得します。
            </summary>
            <param name="ext">拡張子(".xxx" 形式)</param>
            <returns></returns>
        </member>
        <member name="M:Redefinable.StreamArchive.FileTypesUtility.GetFileExtensionWithFileType(Redefinable.StreamArchive.FileTypes)">
            <summary>
            ファイルタイプからデフォルトの拡張子を取得します。
            </summary>
            <param name="type"></param>
            <returns>拡張子を表す文字列 (.***)</returns>
        </member>
        <member name="M:Redefinable.StreamArchive.FileTypesUtility.ValueIsText(Redefinable.StreamArchive.FileTypes,System.Boolean)">
            <summary>
            ファイルタイプがText系であるか判定します。
            </summary>
            <param name="type">ファイルタイプ</param>
            <param name="includeZero">Unknownを許容するかどうか</param>
            <returns></returns>
        </member>
        <member name="M:Redefinable.StreamArchive.FileTypesUtility.ValueIsImage(Redefinable.StreamArchive.FileTypes,System.Boolean)">
            <summary>
            ファイルタイプがImage系であるか判定します。
            </summary>
            <param name="type">ファイルタイプ</param>
            <param name="includeZero">SupportedImageを許容するかどうか</param>
            <returns></returns>
        </member>
        <member name="M:Redefinable.StreamArchive.FileTypesUtility.ValueIsSound(Redefinable.StreamArchive.FileTypes,System.Boolean)">
            <summary>
            ファイルタイプがSound系であるか判定します。
            </summary>
            <param name="type">ファイルタイプ</param>
            <param name="includeZero">SupportedSoundを許容するかどうか</param>
            <returns></returns>
        </member>
        <member name="M:Redefinable.StreamArchive.FileTypesUtility.GetImageFormatWithFileType(Redefinable.StreamArchive.FileTypes)">
            <summary>
            ファイルタイプに対応するSystem.Drawing.Imaging.ImageFormatの値を取得します。
            </summary>
            <param name="fileType"></param>
            <returns></returns>
        </member>
        <member name="M:Redefinable.StreamArchive.FileTypesUtility.GetFileTypeWithImageFormat(System.Drawing.Imaging.ImageFormat)">
            <summary>
            System.Drawing.Imaging.ImageFormatに対応するファイルタイプの値を取得します。
            </summary>
            <param name="format"></param>
            <returns></returns>
        </member>
        <member name="T:Redefinable.StreamArchive.IStreamArchiveException">
            <summary>
            StreamArchive関連の例外であることを表します。このインタフェースはIRedefinableExceptionを実装します。
            </summary>
        </member>
        <member name="T:Redefinable.StreamArchive.StreamArchiveArgumentException">
            <summary>
            StreamArchive内で無効な引数が渡された際にスローされます。
            </summary>
        </member>
        <member name="M:Redefinable.StreamArchive.StreamArchiveArgumentException.#ctor(System.Runtime.Serialization.SerializationInfo,System.Runtime.Serialization.StreamingContext)">
            <summary>
            シリアライズ用のコンストラクタ
            </summary>
            <param name="info"></param>
            <param name="context"></param>
        </member>
        <member name="M:Redefinable.StreamArchive.StreamArchiveArgumentException.#ctor">
            <summary>
            新しいStreamArchiveArgumentException型オブジェクトインスタンスを初期化します。
            </summary>
        </member>
        <member name="M:Redefinable.StreamArchive.StreamArchiveArgumentException.#ctor(System.String)">
            <summary>
            新しいStreamArchiveArgumentException型オブジェクトインスタンスを初期化します。
            </summary>
            <param name="message">例外メッセージ</param>
        </member>
        <member name="M:Redefinable.StreamArchive.StreamArchiveArgumentException.#ctor(System.String,System.Exception)">
            <summary>
            新しいStreamArchiveArgumentException型オブジェクトインスタンスを初期化します。
            </summary>
            <param name="message">例外メッセージ</param>
            <param name="innerException">内部例外</param>
        </member>
        <member name="T:Redefinable.StreamArchive.StreamArchiveSettingsException">
            <summary>
            StreamArchive内でオブジェクトのパラメータが不十分な状態で処理を実行しようとした際にスローされます。
            </summary>
        </member>
        <member name="M:Redefinable.StreamArchive.StreamArchiveSettingsException.#ctor(System.Runtime.Serialization.SerializationInfo,System.Runtime.Serialization.StreamingContext)">
            <summary>
            シリアライズ用のコンストラクタ
            </summary>
            <param name="info"></param>
            <param name="context"></param>
        </member>
        <member name="M:Redefinable.StreamArchive.StreamArchiveSettingsException.#ctor">
            <summary>
            新しいStreamArchiveSettingsException型オブジェクトインスタンスを初期化します。
            </summary>
        </member>
        <member name="M:Redefinable.StreamArchive.StreamArchiveSettingsException.#ctor(System.String)">
            <summary>
            新しいStreamArchiveSettingsException型オブジェクトインスタンスを初期化します。
            </summary>
            <param name="message">例外メッセージ</param>
        </member>
        <member name="M:Redefinable.StreamArchive.StreamArchiveSettingsException.#ctor(System.String,System.Exception)">
            <summary>
            新しいStreamArchiveSettingsException型オブジェクトインスタンスを初期化します。
            </summary>
            <param name="message">例外メッセージ</param>
            <param name="innerException">内部例外</param>
        </member>
        <member name="T:Redefinable.StreamArchive.StreamArchiveMakerException">
            <summary>
            StreamArchiveのMakerクラスでトラブルが発生した際にスローされます。
            </summary>
        </member>
        <member name="M:Redefinable.StreamArchive.StreamArchiveMakerException.#ctor(System.Runtime.Serialization.SerializationInfo,System.Runtime.Serialization.StreamingContext)">
            <summary>
            シリアライズ用のコンストラクタ
            </summary>
            <param name="info"></param>
            <param name="context"></param>
        </member>
        <member name="M:Redefinable.StreamArchive.StreamArchiveMakerException.#ctor">
            <summary>
            新しいStreamArchiveMakerException型オブジェクトインスタンスを初期化します。
            </summary>
        </member>
        <member name="M:Redefinable.StreamArchive.StreamArchiveMakerException.#ctor(System.String)">
            <summary>
            新しいStreamArchiveMakerException型オブジェクトインスタンスを初期化します。
            </summary>
            <param name="message">例外メッセージ</param>
        </member>
        <member name="M:Redefinable.StreamArchive.StreamArchiveMakerException.#ctor(System.String,System.Exception)">
            <summary>
            新しいStreamArchiveMakerException型オブジェクトインスタンスを初期化します。
            </summary>
            <param name="message">例外メッセージ</param>
            <param name="innerException">内部例外</param>
        </member>
        <member name="T:Redefinable.StreamArchive.StreamArchiveIOException">
            <summary>
            StreamArchive内でI/Oエラーが発生した際にスローされます。
            </summary>
        </member>
        <member name="M:Redefinable.StreamArchive.StreamArchiveIOException.#ctor(System.Runtime.Serialization.SerializationInfo,System.Runtime.Serialization.StreamingContext)">
            <summary>
            シリアライズ用のコンストラクタ
            </summary>
            <param name="info"></param>
            <param name="context"></param>
        </member>
        <member name="M:Redefinable.StreamArchive.StreamArchiveIOException.#ctor">
            <summary>
            新しいStreamArchiveIOException型オブジェクトインスタンスを初期化します。
            </summary>
        </member>
        <member name="M:Redefinable.StreamArchive.StreamArchiveIOException.#ctor(System.String)">
            <summary>
            新しいStreamArchiveIOException型オブジェクトインスタンスを初期化します。
            </summary>
            <param name="message">例外メッセージ</param>
        </member>
        <member name="M:Redefinable.StreamArchive.StreamArchiveIOException.#ctor(System.String,System.Exception)">
            <summary>
            新しいStreamArchiveIOException型オブジェクトインスタンスを初期化します。
            </summary>
            <param name="message">例外メッセージ</param>
            <param name="innerException">内部例外</param>
        </member>
        <member name="T:Redefinable.StreamArchive.StreamArchiveFileNotFoundException">
            <summary>
            StreamArchive内で無効なファイルパスが渡された際にスローされます。
            </summary>
        </member>
        <member name="M:Redefinable.StreamArchive.StreamArchiveFileNotFoundException.#ctor(System.Runtime.Serialization.SerializationInfo,System.Runtime.Serialization.StreamingContext)">
            <summary>
            シリアライズ用のコンストラクタ
            </summary>
            <param name="info"></param>
            <param name="context"></param>
        </member>
        <member name="M:Redefinable.StreamArchive.StreamArchiveFileNotFoundException.#ctor">
            <summary>
            新しいStreamArchiveFileNotFoundException型オブジェクトインスタンスを初期化します。
            </summary>
        </member>
        <member name="M:Redefinable.StreamArchive.StreamArchiveFileNotFoundException.#ctor(System.String)">
            <summary>
            新しいStreamArchiveFileNotFoundException型オブジェクトインスタンスを初期化します。
            </summary>
            <param name="message">例外メッセージ</param>
        </member>
        <member name="M:Redefinable.StreamArchive.StreamArchiveFileNotFoundException.#ctor(System.String,System.Exception)">
            <summary>
            新しいStreamArchiveFileNotFoundException型オブジェクトインスタンスを初期化します。
            </summary>
            <param name="message">例外メッセージ</param>
            <param name="innerException">内部例外</param>
        </member>
        <member name="M:Redefinable.StreamArchive.StreamArchiveFileNotFoundException.#ctor(System.String,System.String)">
            <summary>
            新しいStreamArchiveFileNotFoundException型オブジェクトインスタンスを初期化します。
            </summary>
            <param name="message">例外メッセージ</param>
            <param name="fileName">ファイル名</param>
        </member>
        <member name="T:Redefinable.StreamArchive.StreamArchiveDirectoryNotFoundException">
            <summary>
            Redefinableライブラリでディレクトリが存在しないエラーが発生した際にスローされます。
            </summary>
        </member>
        <member name="M:Redefinable.StreamArchive.StreamArchiveDirectoryNotFoundException.#ctor(System.Runtime.Serialization.SerializationInfo,System.Runtime.Serialization.StreamingContext)">
            <summary>
            シリアライズ用のコンストラクタ
            </summary>
            <param name="info"></param>
            <param name="context"></param>
        </member>
        <member name="M:Redefinable.StreamArchive.StreamArchiveDirectoryNotFoundException.#ctor">
            <summary>
            新しいStreamArchiveDirectoryNotFoundException型オブジェクトインスタンスを初期化します。
            </summary>
        </member>
        <member name="M:Redefinable.StreamArchive.StreamArchiveDirectoryNotFoundException.#ctor(System.String)">
            <summary>
            新しいStreamArchiveDirectoryNotFoundException型オブジェクトインスタンスを初期化します。
            </summary>
            <param name="message">例外メッセージ</param>
        </member>
        <member name="M:Redefinable.StreamArchive.StreamArchiveDirectoryNotFoundException.#ctor(System.String,System.Exception)">
            <summary>
            新しいStreamArchiveDirectoryNotFoundException型オブジェクトインスタンスを初期化します。
            </summary>
            <param name="message">例外メッセージ</param>
            <param name="innerException">内部例外</param>
        </member>
        <member name="M:Redefinable.StreamArchive.StreamArchiveDirectoryNotFoundException.#ctor(System.String,System.String)">
            <summary>
            新しいStreamArchiveFileNotFoundException型オブジェクトインスタンスを初期化します。
            </summary>
            <param name="message">例外メッセージ</param>
            <param name="dirName">ファイル名</param>
        </member>
        <member name="T:Redefinable.StreamArchive.StreamArchiveInternalException">
            <summary>
            StreamArchive内で無効な引数が渡された際にスローされます。
            </summary>
        </member>
        <member name="M:Redefinable.StreamArchive.StreamArchiveInternalException.#ctor(System.Runtime.Serialization.SerializationInfo,System.Runtime.Serialization.StreamingContext)">
            <summary>
            シリアライズ用のコンストラクタ
            </summary>
            <param name="info"></param>
            <param name="context"></param>
        </member>
        <member name="M:Redefinable.StreamArchive.StreamArchiveInternalException.#ctor">
            <summary>
            新しいStreamArchiveInternalException型オブジェクトインスタンスを初期化します。
            </summary>
        </member>
        <member name="M:Redefinable.StreamArchive.StreamArchiveInternalException.#ctor(System.String)">
            <summary>
            新しいStreamArchiveInternalException型オブジェクトインスタンスを初期化します。
            </summary>
            <param name="message">例外メッセージ</param>
        </member>
        <member name="M:Redefinable.StreamArchive.StreamArchiveInternalException.#ctor(System.String,System.Exception)">
            <summary>
            新しいStreamArchiveInternalException型オブジェクトインスタンスを初期化します。
            </summary>
            <param name="message">例外メッセージ</param>
            <param name="innerException">内部例外</param>
        </member>
        <member name="T:Redefinable.StreamArchive.StreamArchiveUnSupportedException">
            <summary>
            対応していない形式のStreamArchiveファイルを読み込もうとしたときにスローされます。
            </summary>
        </member>
        <member name="M:Redefinable.StreamArchive.StreamArchiveUnSupportedException.#ctor(System.Runtime.Serialization.SerializationInfo,System.Runtime.Serialization.StreamingContext)">
            <summary>
            シリアライズ用のコンストラクタ
            </summary>
            <param name="info"></param>
            <param name="context"></param>
        </member>
        <member name="M:Redefinable.StreamArchive.StreamArchiveUnSupportedException.#ctor">
            <summary>
            新しいStreamArchiveUnSupportedException型オブジェクトインスタンスを初期化します。
            </summary>
        </member>
        <member name="M:Redefinable.StreamArchive.StreamArchiveUnSupportedException.#ctor(System.String)">
            <summary>
            新しいStreamArchiveUnSupportedException型オブジェクトインスタンスを初期化します。
            </summary>
            <param name="message">例外メッセージ</param>
        </member>
        <member name="M:Redefinable.StreamArchive.StreamArchiveUnSupportedException.#ctor(System.String,System.Exception)">
            <summary>
            新しいStreamArchiveUnSupportedException型オブジェクトインスタンスを初期化します。
            </summary>
            <param name="message">例外メッセージ</param>
            <param name="innerException">内部例外</param>
        </member>
        <member name="T:Redefinable.StreamArchive.StoringItemList">
            <summary>
            これからアーカイブに格納するアイテムのリストです。
            </summary>
        </member>
        <member name="T:Redefinable.StreamArchive.AdditionalHeaderList">
            <summary>
            アーカイブ作成時の追加ヘッダを保持するための辞書型です。
            </summary>
        </member>
        <member name="T:Redefinable.StreamArchive.StoringStreamItem">
            <summary>
            これから格納するアイテムをストリームから生成します。
            </summary>
        </member>
        <member name="P:Redefinable.StreamArchive.StoringStreamItem.ItemFileName">
            <summary>
            アーカイブ格納時のアイテム名を取得・設定します。
            </summary>
        </member>
        <member name="P:Redefinable.StreamArchive.StoringStreamItem.FileType">
            <summary>
            ファイルタイプを取得・設定します。
            </summary>
        </member>
        <member name="P:Redefinable.StreamArchive.StoringStreamItem.Attributes">
            <summary>
            ファイルの属性を取得・設定します。
            </summary>
        </member>
        <member name="P:Redefinable.StreamArchive.StoringStreamItem.ItemStream">
            <summary>
            ストリームのインスタンスを取得します。
            </summary>
        </member>
        <member name="M:Redefinable.StreamArchive.StoringStreamItem.#ctor(System.String,Redefinable.StreamArchive.FileTypes,Redefinable.StreamArchive.ItemFileAttributes,System.IO.Stream,System.Int64,System.Int64)">
            <summary>
            新しいStoringStreamItemクラスのインスタンスを初期化します。
            </summary>
            <param name="itemFileName">格納時のファイル名</param>
            <param name="fileType">ファイルタイプ</param>
            <param name="attributes">ファイル属性</param>
            <param name="itemStream">アイテムのストリーム</param>
            <param name="start">ストリーム内のアイテムの開始オフセット</param>
            <param name="length">ストリーム内のアイテムの長さ</param>
        </member>
        <member name="M:Redefinable.StreamArchive.StoringStreamItem.#ctor(System.String,Redefinable.StreamArchive.FileTypes,Redefinable.StreamArchive.ItemFileAttributes,System.IO.Stream)">
            <summary>
            新しいStoringStreamItemクラスのインスタンスを初期化します。
            </summary>
            <param name="itemFileName">格納時のファイル名</param>
            <param name="fileType">ファイルタイプ</param>
            <param name="attributes">ファイル属性</param>
            <param name="itemStream">アイテムのストリーム (ストリームは頭から末端までがアイテムとみなされます)</param>
        </member>
        <member name="M:Redefinable.StreamArchive.StoringStreamItem.#ctor(System.String,Redefinable.StreamArchive.ItemFileAttributes,System.IO.Stream)">
            <summary>
            新しいStoringStreamItemクラスのインスタンスを初期化します。
            </summary>
            <param name="itemFileName">格納時のファイル名</param>
            <param name="attributes">ファイル属性</param>
            <param name="itemStream">アイテムのストリーム (ストリームは頭から末端までがアイテムとみなされます)</param>
        </member>
        <member name="M:Redefinable.StreamArchive.StoringStreamItem.#ctor(System.String,System.IO.Stream)">
            <summary>
            新しいStoringStreamItemクラスのインスタンスを初期化します。
            </summary>
            <param name="itemFileName">格納時のファイル名</param>
            <param name="itemStream">アイテムのストリーム (ストリームは頭から末端までがアイテムとみなされます)</param>
        </member>
        <member name="M:Redefinable.StreamArchive.StoringStreamItem.GetStream">
            <summary>
            0にシークされたItemStreamを取得します。
            </summary>
            <returns></returns>
        </member>
    </members>
</doc>
