<?xml version="1.0"?>
<doc>
    <assembly>
        <name>Redefinable.IniHandler</name>
    </assembly>
    <members>
        <member name="T:Redefinable.IniHandler.IniFile">
            <summary>
            
            </summary>
        </member>
        <member name="P:Redefinable.IniHandler.IniFile.Sections">
            <summary>
            このIniFileに含まれるセクションのコレクションを取得します。
            </summary>
        </member>
        <member name="P:Redefinable.IniHandler.IniFile.DefaultEncoding">
            <summary>
            読み取り、書き込みで使用するエンコーディングを取得・設定します。
            </summary>
        </member>
        <member name="P:Redefinable.IniHandler.IniFile.FunctionProcessor">
            <summary>
            値の読み取りで使用するFunctionProcessorを取得します。
            </summary>
        </member>
        <member name="P:Redefinable.IniHandler.IniFile.CommentOutSigns">
            <summary>
            コメントアウト記号として認識する文字列のコレクションを取得します。
            </summary>
        </member>
        <member name="P:Redefinable.IniHandler.IniFile.IniDefaultEncoding">
            <summary>
            INIファイルで最もよく使用されるエンコーディング "Shift_JIS" のEncodingインスタンスを取得します。
            </summary>
        </member>
        <member name="M:Redefinable.IniHandler.IniFile.#ctor(System.IO.Stream,System.Text.Encoding,System.Collections.Generic.ICollection{System.String})">
            <summary>
            ストリーム、エンコーディング、およびコメントアウト記号のコレクションを指定して、新しいIniFileクラスのインスタンスを初期化します。
            </summary>
            <param name="stream"></param>
            <param name="encoding"></param>
            <param name="commentOutSigns"></param>
        </member>
        <member name="M:Redefinable.IniHandler.IniFile.#ctor(System.IO.Stream,System.Text.Encoding)">
            <summary>
            ストリーム及びエンコーディングを指定して、新しいIniFileクラスのインスタンスを初期化します。
            </summary>
            <param name="stream"></param>
            <param name="encoding"></param>
        </member>
        <member name="M:Redefinable.IniHandler.IniFile.#ctor(System.IO.Stream)">
            <summary>
            ストリームを指定して、新しいIniFileクラスのインスタンスを初期化します。
            </summary>
            <param name="stream"></param>
        </member>
        <member name="M:Redefinable.IniHandler.IniFile.#ctor(System.String,System.Text.Encoding)">
            <summary>
            ファイルのパス及びエンコーディングを指定して、新しいIniFileクラスのインスタンスを初期化します。
            </summary>
            <param name="path"></param>
            <param name="encoding"></param>
        </member>
        <member name="M:Redefinable.IniHandler.IniFile.#ctor(System.String)">
            <summary>
            ファイルから新しいIniFileクラスのインスタンスを初期化します。
            </summary>
            <param name="path"></param>
        </member>
        <member name="M:Redefinable.IniHandler.IniFile.#ctor(System.Collections.Generic.ICollection{Redefinable.IniHandler.IniSection},System.Text.Encoding,Redefinable.Text.Scripting.FunctionProcessor)">
            <summary>
            既定のセクション一覧とEncoding、およびFunctionProcessorを指定して、新しいIniFileクラスのインスタンスを初期化します。
            </summary>
            <param name="sections"></param>
            <param name="encoding"></param>
            <param name="functionProcessor"></param>
        </member>
        <member name="M:Redefinable.IniHandler.IniFile.#ctor(System.Collections.Generic.ICollection{Redefinable.IniHandler.IniSection},System.Text.Encoding)">
            <summary>
            既定のセクション一覧およびEncodingを指定して、新しいIniFileクラスのインスタンスを初期化します。
            </summary>
            <param name="sections"></param>
            <param name="encoding"></param>
        </member>
        <member name="M:Redefinable.IniHandler.IniFile.#ctor(System.Collections.Generic.ICollection{Redefinable.IniHandler.IniSection})">
            <summary>
            既定のセクション一覧を指定して、新しいIniFileクラスのインスタンスを初期化します。
            </summary>
            <param name="sections"></param>
        </member>
        <member name="M:Redefinable.IniHandler.IniFile.#ctor">
            <summary>
            新しいIniFileクラスのインスタンスを初期化します。
            </summary>
        </member>
        <member name="M:Redefinable.IniHandler.IniFile._loadFrom(System.IO.Stream)">
            <summary>
            ストリームからINIデータを読み取り、コレクションに追加します。
            </summary>
            <param name="s"></param>
        </member>
        <member name="M:Redefinable.IniHandler.IniFile.SetValue(System.String,System.String,System.String)">
            <summary>
            指定したセクションの指定したキーに値を設定します。
            </summary>
            <param name="section"></param>
            <param name="key"></param>
            <param name="value"></param>
        </member>
        <member name="M:Redefinable.IniHandler.IniFile.GetValue(System.String,System.String)">
            <summary>
            指定したセクションの指定したキーの値を取得します。
            </summary>
            <param name="section"></param>
            <param name="key"></param>
            <returns></returns>
        </member>
        <member name="M:Redefinable.IniHandler.IniFile.GetValue(System.String,System.String,System.Boolean)">
            <summary>
            指定したセクションの指定したキーの値を取得します。
            </summary>
            <param name="section"></param>
            <param name="key"></param>
            <param name="raw">RawValueを取得するかどうか</param>
            <returns></returns>
        </member>
        <member name="M:Redefinable.IniHandler.IniFile.TryGetValue(System.String,System.String,System.String@)">
            <summary>
            指定したセクションの指定したキーの値の取得を試みます。
            </summary>
            <param name="section"></param>
            <param name="key"></param>
            <param name="result"></param>
            <returns></returns>
        </member>
        <member name="M:Redefinable.IniHandler.IniFile.TryGetValue(System.String,System.String,System.String@,System.String)">
            <summary>
            指定したセクションの指定したキーの値の取得を試みます。失敗した場合は、resultにdefaultValueの値を代入します。
            </summary>
            <param name="section"></param>
            <param name="key"></param>
            <param name="result"></param>
            <param name="defaultValue"></param>
            <returns></returns>
        </member>
        <member name="M:Redefinable.IniHandler.IniFile.Save(System.IO.Stream,Redefinable.IniHandler.IniFileSaveOption)">
            <summary>
            指定したストリームに指定した形式でINIデータを出力します。
            </summary>
            <param name="s"></param>
            <param name="option"></param>
        </member>
        <member name="M:Redefinable.IniHandler.IniFile.Save(System.IO.Stream)">
            <summary>
            指定したストリームにINIデータを出力します。
            </summary>
            <param name="s"></param>
        </member>
        <member name="M:Redefinable.IniHandler.IniFile.Save(System.String)">
            <summary>
            指定したファイルにINIデータを出力します。
            </summary>
            <param name="path"></param>
        </member>
        <member name="M:Redefinable.IniHandler.IniFile.Save">
            <summary>
            INIデータを生成し、文字列として取得します。
            </summary>
            <returns></returns>
        </member>
        <member name="M:Redefinable.IniHandler.IniFile.GetDefaultFunctionProcessor(System.String,Redefinable.IniHandler.IniFile)">
            <summary>
            IniFileで使用する標準のFunctionProcessorを取得します。
            </summary>
            <returns></returns>
            <param name="iniPath">INIファイルのパス</param>
            <param name="iniFile">IniFileのインスタンス。nullを指定すると一部関数や変数が空の値を返す形で実装されます。</param>
        </member>
        <member name="T:Redefinable.IniHandler.IniFileSaveOption">
            <summary>
            IniFile.Save()で出力オプションを指定します。
            </summary>
        </member>
        <member name="P:Redefinable.IniHandler.IniFileSaveOption.ThroughPresectionComment">
            <summary>
            セクションにプリセクションコメントが指定されていても無視するかどうかを示す値を取得・設定します。
            </summary>
        </member>
        <member name="P:Redefinable.IniHandler.IniFileSaveOption.PresectionCommentHeader">
            <summary>
            プリセクションコメントのヘッダ(コメントアウトサイン)に使用する文字列を取得・設定します。nullまたは指定されていない場合は、標準のコメントヘッダを使用します。
            </summary>
        </member>
        <member name="P:Redefinable.IniHandler.IniFileSaveOption.PresectionLine">
            <summary>
            セクションまたはそのセクションのプリセクションコメントの前に挿入する空白行の行数を取得・設定します。
            </summary>
        </member>
        <member name="M:Redefinable.IniHandler.IniFileSaveOption.#ctor">
            <summary>
            標準の設定で、新しいIniFileSaveOptionクラスのインスタンスを初期化します。
            </summary>
        </member>
        <member name="T:Redefinable.IniHandler.IRedefinableIniException">
            <summary>
            Redefinable INI Handlerの例外であることを表します。
            </summary>
        </member>
        <member name="T:Redefinable.IniHandler.RedefinableIniHandlerNotImplementedException">
            <summary>
            Redefinable INI Handlerのライブラリ内でまだ実装されていない機能が呼び出された場合にスローされる例外
            </summary>
        </member>
        <member name="M:Redefinable.IniHandler.RedefinableIniHandlerNotImplementedException.#ctor(System.Runtime.Serialization.SerializationInfo,System.Runtime.Serialization.StreamingContext)">
            <summary>
            シリアライズ用のコンストラクタ
            </summary>
            <param name="info"></param>
            <param name="context"></param>
        </member>
        <member name="M:Redefinable.IniHandler.RedefinableIniHandlerNotImplementedException.#ctor">
            <summary>
            新しいRedefinableIniHandlerNotImplementedExceptionクラスのインスタンスを初期化します。
            </summary>
        </member>
        <member name="M:Redefinable.IniHandler.RedefinableIniHandlerNotImplementedException.#ctor(System.String)">
            <summary>
            例外メッセージを指定して、新しいRedefinableIniHandlerNotImplementedExceptionクラスのインスタンスを初期化します。
            </summary>
            <param name="message">例外メッセージ</param>
        </member>
        <member name="M:Redefinable.IniHandler.RedefinableIniHandlerNotImplementedException.#ctor(System.String,System.Exception)">
            <summary>
            例外メッセージおよび内部例外を指定して、新しいRedefinableIniHandlerNotImplementedExceptionクラスのインスタンスを初期化します。
            </summary>
            <param name="message">例外メッセージ</param>
            <param name="innerException">内部例外</param>
        </member>
        <member name="T:Redefinable.IniHandler.RedefinableIniHandlerException">
            <summary>
            Redefinable INI Handlerでスローされた一般的な例外
            </summary>
        </member>
        <member name="M:Redefinable.IniHandler.RedefinableIniHandlerException.#ctor(System.Runtime.Serialization.SerializationInfo,System.Runtime.Serialization.StreamingContext)">
            <summary>
            シリアライズ用のコンストラクタ
            </summary>
            <param name="info"></param>
            <param name="context"></param>
        </member>
        <member name="M:Redefinable.IniHandler.RedefinableIniHandlerException.#ctor">
            <summary>
            新しいRedefinableIniHandlerExceptionクラスのインスタンスを初期化します。
            </summary>
        </member>
        <member name="M:Redefinable.IniHandler.RedefinableIniHandlerException.#ctor(System.String)">
            <summary>
            例外メッセージを指定して、新しいRedefinableIniHandlerExceptionクラスのインスタンスを初期化します。
            </summary>
            <param name="message">例外メッセージ</param>
        </member>
        <member name="M:Redefinable.IniHandler.RedefinableIniHandlerException.#ctor(System.String,System.Exception)">
            <summary>
            例外メッセージおよび内部例外を指定して、新しいRedefinableIniHandlerExceptionクラスのインスタンスを初期化します。
            </summary>
            <param name="message">例外メッセージ</param>
            <param name="innerException">内部例外</param>
        </member>
        <member name="T:Redefinable.IniHandler.RedefinableIniHandlerReadException">
            <summary>
            Redefinable INI HandlerでINIデータを読み込む際にエラーが発生した場合にスローされる例外
            </summary>
        </member>
        <member name="M:Redefinable.IniHandler.RedefinableIniHandlerReadException.#ctor(System.Runtime.Serialization.SerializationInfo,System.Runtime.Serialization.StreamingContext)">
            <summary>
            シリアライズ用のコンストラクタ
            </summary>
            <param name="info"></param>
            <param name="context"></param>
        </member>
        <member name="M:Redefinable.IniHandler.RedefinableIniHandlerReadException.#ctor">
            <summary>
            新しいRedefinableIniHandlerReadExceptionクラスのインスタンスを初期化します。
            </summary>
        </member>
        <member name="M:Redefinable.IniHandler.RedefinableIniHandlerReadException.#ctor(System.String)">
            <summary>
            例外メッセージを指定して、新しいRedefinableIniHandlerReadExceptionクラスのインスタンスを初期化します。
            </summary>
            <param name="message">例外メッセージ</param>
        </member>
        <member name="M:Redefinable.IniHandler.RedefinableIniHandlerReadException.#ctor(System.String,System.Exception)">
            <summary>
            例外メッセージおよび内部例外を指定して、新しいRedefinableIniHandlerReadExceptionクラスのインスタンスを初期化します。
            </summary>
            <param name="message">例外メッセージ</param>
            <param name="innerException">内部例外</param>
        </member>
        <member name="T:Redefinable.IniHandler.RedefinableIniHandlerFileNotFoundException">
            <summary>
            Redefinable INI Handlerでファイルが見つからなかった場合にスローされる例外
            </summary>
        </member>
        <member name="M:Redefinable.IniHandler.RedefinableIniHandlerFileNotFoundException.#ctor(System.Runtime.Serialization.SerializationInfo,System.Runtime.Serialization.StreamingContext)">
            <summary>
            シリアライズ用のコンストラクタ
            </summary>
            <param name="info"></param>
            <param name="context"></param>
        </member>
        <member name="M:Redefinable.IniHandler.RedefinableIniHandlerFileNotFoundException.#ctor">
            <summary>
            新しいRedefinableIniHandlerFileNotFoundExceptionクラスのインスタンスを初期化します。
            </summary>
        </member>
        <member name="M:Redefinable.IniHandler.RedefinableIniHandlerFileNotFoundException.#ctor(System.String)">
            <summary>
            例外メッセージを指定して、新しいRedefinableIniHandlerFileNotFoundExceptionクラスのインスタンスを初期化します。
            </summary>
            <param name="message">例外メッセージ</param>
        </member>
        <member name="M:Redefinable.IniHandler.RedefinableIniHandlerFileNotFoundException.#ctor(System.String,System.Exception)">
            <summary>
            例外メッセージおよび内部例外を指定して、新しいRedefinableIniHandlerFileNotFoundExceptionクラスのインスタンスを初期化します。
            </summary>
            <param name="message">例外メッセージ</param>
            <param name="innerException">内部例外</param>
        </member>
        <member name="T:Redefinable.IniHandler.IniSectionCollection">
            <summary>
            IniSectionのコレクション
            </summary>
        </member>
        <member name="P:Redefinable.IniHandler.IniSectionCollection.Item(System.String)">
            <summary>
            指定されたセクション名に関連付けられているセクションを取得または設定します。
            </summary>
            <param name="name"></param>
            <returns></returns>
        </member>
        <member name="M:Redefinable.IniHandler.IniSectionCollection.#ctor(Redefinable.IniHandler.IniFile)">
            <summary>
            新しいIniSectionCollectionクラスのインスタンスを初期化します。
            </summary>
            <param name="owner"></param>
        </member>
        <member name="M:Redefinable.IniHandler.IniSectionCollection.ContainsName(System.String)">
            <summary>
            指定した名前のセクションがコレクションに含まれているかどうかを判断します。
            </summary>
            <param name="name"></param>
            <returns></returns>
        </member>
        <member name="M:Redefinable.IniHandler.IniSectionCollection.ContainsName(Redefinable.IniHandler.IniSection)">
            <summary>
            指定したセクションと同名のセクションがコレクションに含まれているかどうかを判断します。
            </summary>
            <param name="section"></param>
            <returns></returns>
        </member>
        <member name="M:Redefinable.IniHandler.IniSectionCollection.Add(Redefinable.IniHandler.IniSection)">
            <summary>
            指定したセクションをコレクションに追加します。
            </summary>
            <param name="item"></param>
        </member>
        <member name="M:Redefinable.IniHandler.IniSectionCollection.Remove(System.String)">
            <summary>
            指定した名前のセクションをコレクションから削除します。
            </summary>
            <param name="name"></param>
            <returns></returns>
        </member>
        <member name="M:Redefinable.IniHandler.IniSectionCollection.Remove(Redefinable.IniHandler.IniSection)">
            <summary>
            指定したセクションをコレクションから削除します。
            </summary>
            <param name="item"></param>
            <returns></returns>
        </member>
        <member name="T:Redefinable.IniHandler.IniSection">
            <summary>
            INIファイルのセクション
            </summary>
        </member>
        <member name="P:Redefinable.IniHandler.IniSection.Name">
            <summary>
            セクションの名前を取得設定します。
            </summary>
        </member>
        <member name="P:Redefinable.IniHandler.IniSection.Values">
            <summary>
            セクション内の値のコレクションを取得します。
            </summary>
        </member>
        <member name="P:Redefinable.IniHandler.IniSection.Owner">
            <summary>
            このセクションがIniFileに所属している場合、そのIniFileのインスタンスを取得します。
            </summary>
        </member>
        <member name="P:Redefinable.IniHandler.IniSection.PreComments">
            <summary>
            セクションの記述が行われる前に記述されるコメントを取得・設定します。
            </summary>
        </member>
        <member name="P:Redefinable.IniHandler.IniSection.PreCommentsPostLine">
            <summary>
            PreCommentsの後に挿入される空白行の行数を取得・設定します。
            </summary>
        </member>
        <member name="M:Redefinable.IniHandler.IniSection.#ctor(System.String,System.Collections.Generic.ICollection{Redefinable.IniHandler.IniValue},System.Collections.Generic.ICollection{System.String},System.Int32)">
            <summary>
            セクション名、既定の値一覧、プリセクションコメントおよびプリセクションコメントとセクション本文の間の空行の数を指定して、新しいIniSectionクラスのインスタンスを初期化します。
            </summary>
            <param name="name"></param>
            <param name="values"></param>
            <param name="preComments"></param>
            <param name="preCommentsPostLine"></param>
        </member>
        <member name="M:Redefinable.IniHandler.IniSection.#ctor(System.String,System.Collections.Generic.ICollection{Redefinable.IniHandler.IniValue},System.Collections.Generic.ICollection{System.String})">
            <summary>
            セクション名、既定の値一覧およびプリセクションコメントを指定して、新しいIniSectionクラスのインスタンスを初期化します。
            </summary>
            <param name="name"></param>
            <param name="values"></param>
            <param name="preComments"></param>
        </member>
        <member name="M:Redefinable.IniHandler.IniSection.#ctor(System.String,System.Collections.Generic.ICollection{Redefinable.IniHandler.IniValue})">
            <summary>
            セクション名と既定の値一覧を指定して、新しいIniSectionクラスのインスタンスを作成します。
            </summary>
            <param name="name"></param>
            <param name="values"></param>
        </member>
        <member name="M:Redefinable.IniHandler.IniSection.#ctor(System.String)">
            <summary>
            セクション名を指定して、新しいIniSectionクラスのインスタンスを作成します。
            </summary>
            <param name="name"></param>
        </member>
        <member name="T:Redefinable.IniHandler.IniValueCollection">
            <summary>
            IniValueのコレクション
            </summary>
        </member>
        <member name="P:Redefinable.IniHandler.IniValueCollection.Item(System.String)">
            <summary>
            指定されたセクション名に関連付けられているセクションを取得または設定します。
            </summary>
            <param name="name"></param>
            <returns></returns>
        </member>
        <member name="M:Redefinable.IniHandler.IniValueCollection.#ctor(Redefinable.IniHandler.IniSection)">
            <summary>
            新しいIniValueCollectionクラスのインスタンスを初期化します。
            </summary>
            <param name="section">所属するセクション</param>
        </member>
        <member name="M:Redefinable.IniHandler.IniValueCollection.ContainsName(System.String)">
            <summary>
            指定した名前の値コレクションに含まれているかどうかを判断します。
            </summary>
            <param name="name"></param>
            <returns></returns>
        </member>
        <member name="M:Redefinable.IniHandler.IniValueCollection.ContainsName(Redefinable.IniHandler.IniValue)">
            <summary>
            指定した値と同名の値がコレクションに含まれているかどうかを判断します。
            </summary>
            <param name="value"></param>
            <returns></returns>
        </member>
        <member name="M:Redefinable.IniHandler.IniValueCollection.Add(Redefinable.IniHandler.IniValue)">
            <summary>
            指定した値をコレクションに追加します。
            </summary>
            <param name="item"></param>
        </member>
        <member name="M:Redefinable.IniHandler.IniValueCollection.Remove(System.String)">
            <summary>
            指定した名前の値をコレクションから削除します。
            </summary>
            <param name="name"></param>
            <returns></returns>
        </member>
        <member name="M:Redefinable.IniHandler.IniValueCollection.Remove(Redefinable.IniHandler.IniValue)">
            <summary>
            指定した値をコレクションから削除します。
            </summary>
            <param name="item"></param>
            <returns></returns>
        </member>
        <member name="T:Redefinable.IniHandler.IniValue">
            <summary>
            INIファイルの任意のセクション内のキー名と値名のペア
            </summary>
        </member>
        <member name="P:Redefinable.IniHandler.IniValue.Key">
            <summary>
            この値の名前を取得します。
            </summary>
        </member>
        <member name="P:Redefinable.IniHandler.IniValue.Value">
            <summary>
            この値の内容を取得します。
            </summary>
        </member>
        <member name="P:Redefinable.IniHandler.IniValue.RawValue">
            <summary>
            FunctionProcessorで処理されていない生の値を取得・設定します。
            </summary>
        </member>
        <member name="P:Redefinable.IniHandler.IniValue.Owner">
            <summary>
            このインスタンスがセクションに所属するIniValueCollectionに追加されている場合は、IniSectionのインスタンスを取得します。
            </summary>
        </member>
        <member name="M:Redefinable.IniHandler.IniValue.#ctor(System.String,System.String)">
            <summary>
            指定した値名と値から新しいインスタンスを初期化します。
            </summary>
            <param name="key">値名</param>
            <param name="value">値の内容</param>
        </member>
        <member name="M:Redefinable.IniHandler.IniValue._getValue">
            <summary>
            Processorで処理されたValueを取得します。
            </summary>
            <returns></returns>
        </member>
        <member name="M:Redefinable.IniHandler.IniValue._createClone">
            <summary>
            このインスタンスの複製を取得します。取得されるインスタンスのOwnerはnullが設定されます。
            </summary>
            <returns></returns>
        </member>
        <member name="M:Redefinable.IniHandler.IniValue._getDefaultProcessor">
            <summary>
            この値が所属するIniFileのFunctionProcessorを取得します。IniFileに所属していない場合は、IniFileのデフォルトのFunctionProcessorを取得します。
            </summary>
            <returns></returns>
        </member>
        <member name="M:Redefinable.IniHandler.IniValue.Clone">
            <summary>
            このインスタンスの複製を取得します。取得されるインスタンスのOwnerはnullが設定されます。
            </summary>
            <returns></returns>
        </member>
    </members>
</doc>
